genes,A,A,A,A,A,B,B,B,B,B
g1,1229,1242,1248,1166,1230,1266,1259,1240,1248,1228
g2,1497,1536,1525,1624,1543,1577,1497,1550,1608,1548
g3,710,654,627,705,674,663,650,662,667,669
g4,1830,1828,1836,1728,1829,1841,1852,1863,1813,1822
g5,706,714,677,674,755,673,679,690,740,736
g6,319,276,301,308,296,31,30,32,31,30
g7,1734,1717,1752,1778,1767,1759,1749,1752,1717,1788
g8,286,243,311,276,272,260,279,287,292,304
g9,1022,988,1050,1055,1046,1030,1041,1051,1061,1022
g10,1914,1943,1887,2011,1957,1924,2002,1972,1983,1823
g11,1295,1270,1276,1340,1333,1295,1389,1264,1346,1338
g12,1297,1355,1346,1370,1372,1394,1312,1293,1288,1337
g13,1654,1665,1636,1701,1687,1680,1764,1669,1662,1695
g14,236,251,225,224,241,243,239,232,254,264
g15,1916,1885,1942,1981,1960,1999,1999,1933,1972,1938
g16,1644,1656,1605,1636,1641,1643,1580,1558,1663,1597
g17,466,414,423,428,457,453,433,447,447,462
g18,1465,1387,1422,1497,1432,1425,1398,1349,1477,1440
g19,988,1041,1042,1062,1028,1010,1055,1057,1018,1032
g20,482,485,429,438,449,493,434,437,468,455
g21,1441,1360,1366,1449,1421,1386,1317,1417,1359,1473
g22,420,474,473,468,484,398,471,468,428,459
g23,375,403,422,401,412,407,400,432,467,404
g24,1221,1157,1177,1190,1166,1194,1237,1182,1198,1202
g25,1080,1007,1069,1067,1090,1068,989,1058,1056,1072
g26,123,115,124,126,137,119,115,118,122,132
g27,1046,1040,1103,1045,1031,1035,1085,1114,1059,1079
g28,1167,1136,1088,1125,1070,1103,1110,1045,1071,1062
g29,1074,1037,1040,1060,1016,1023,1079,972,1037,999
g30,1010,1051,1036,974,1030,987,1017,1038,1020,1034
g31,37,38,36,36,38,348,380,402,324,386
g32,1182,1230,1243,1235,1264,1250,1258,1235,1301,1260
g33,34,20,24,24,32,34,18,26,30,40
g34,1080,1117,1083,1038,1076,1143,1086,1033,1106,1063
g35,486,509,477,465,472,555,470,499,486,481
g36,1741,1761,1673,1664,1761,1736,1672,1751,1738,1706
g37,873,846,823,859,860,814,852,864,865,876
g38,857,818,854,842,890,901,832,899,898,819
g39,1645,1701,1769,1606,1642,1696,1686,1698,1680,1663
g40,499,499,505,479,520,499,491,527,524,493
g41,1712,1627,1706,1676,1677,1693,1648,1588,1689,1697
g42,1816,1962,1944,1934,1875,195,190,194,188,190
g43,1116,1081,1125,1109,1113,1105,1097,1125,1049,1076
g44,1222,1164,1150,1154,1157,1237,1171,1172,1175,1243
g45,489,482,488,470,480,475,472,468,419,480
g46,710,736,668,708,706,719,724,733,702,674
g47,367,360,343,351,379,332,373,344,346,355
g48,1603,1512,1608,1608,1593,1570,1591,1618,1551,1563
g49,1336,1344,1359,1324,1380,1332,1320,1389,1297,1354
g50,1560,1432,1457,1512,1417,1535,1476,1470,1503,1491
g51,1222,1267,1282,1196,1329,1225,1210,1256,1202,1212
g52,821,792,782,813,736,793,764,799,767,785
g53,1568,1618,1601,1630,1584,1633,1648,1588,1643,1553
g54,162,177,168,170,162,168,163,132,157,139
g55,167,204,158,140,169,177,176,161,167,151
g56,1169,1186,1154,1170,1172,1106,1133,1148,1137,1178
g57,237,238,240,265,273,248,275,285,250,239
g58,896,962,929,935,915,927,975,931,957,991
g59,1257,1317,1267,1267,1314,1281,1300,1325,1265,1252
g60,216,220,212,211,226,218,218,206,204,188
g61,1915,1833,1864,1864,1784,1887,1786,1858,1819,1762
g62,1847,1792,1736,1847,1852,1903,1814,1870,1845,1747
g63,324,295,292,289,312,299,318,269,295,322
g64,1622,1634,1603,1625,1636,1514,1643,1657,1655,1633
g65,1050,1042,1058,1041,1078,1107,1100,991,1048,1036
g66,1094,1138,1097,1111,1070,1045,1128,1067,1083,1091
g67,490,497,465,489,478,513,455,512,451,453
g68,437,425,449,423,446,431,452,409,430,422
g69,737,736,716,719,712,752,719,763,715,718
g70,1340,1248,1249,1249,1308,1253,1243,1323,1281,1308
g71,47,59,58,59,51,59,64,63,65,62
g72,855,830,816,856,814,872,831,833,804,798
g73,812,781,792,791,745,811,770,753,794,736
g74,1422,1489,1420,1425,1460,1406,1412,1331,1390,1370
g75,561,594,641,638,608,627,593,599,634,578
g76,859,896,930,915,887,952,907,908,883,918
g77,852,869,840,830,852,816,809,793,861,822
g78,219,234,199,205,235,227,227,200,212,220
g79,1568,1597,1550,1622,1660,1616,1549,1557,1651,1508
g80,605,631,612,621,616,607,619,616,590,639
g81,1405,1425,1436,1380,1422,1400,1395,1329,1404,1347
g82,1382,1434,1467,1433,1386,1462,1418,1450,1418,1460
g83,89,81,72,81,83,86,87,78,91,86
g84,793,798,810,811,757,790,792,901,851,815
g85,1751,1705,1766,1750,1696,1674,1733,1707,1742,1737
g86,1871,1888,1882,1913,1859,1836,1839,1856,1829,1884
g87,1208,1250,1259,1186,1248,1170,1152,1242,1245,1271
g88,37,45,45,43,46,49,41,43,45,51
g89,1173,1170,1185,1189,1155,1177,1203,1164,1176,1197
g90,339,324,328,346,312,314,333,327,321,316
g91,1103,1060,1080,1065,1089,1173,1055,1055,1067,1106
g92,795,801,775,827,808,829,820,812,830,802
g93,180,172,172,197,156,180,151,193,200,177
g94,825,839,807,790,784,768,785,829,815,809
g95,623,610,656,618,618,624,559,595,606,587
g96,156,145,162,165,151,142,139,158,147,185
g97,1692,1605,1686,1725,1646,1697,1641,1661,1665,1634
g98,1785,1683,1654,1754,1669,1663,1730,1782,1737,1706
g99,520,566,497,539,503,513,498,523,490,511
g100,45,34,40,32,40,38,40,43,36,47
g101,147,146,132,164,132,163,167,151,180,142
g102,1046,1022,1020,1065,1042,1029,1033,1047,1079,1045
g103,1163,1164,1119,1181,1160,1111,1137,1163,1176,1156
g104,1616,1532,1584,1571,1643,1614,1614,1612,1543,1606
g105,1891,1947,1794,1835,1860,1898,1858,1872,1912,1912
g106,1197,1182,1219,1200,1224,1230,1188,1194,1205,1264
g107,748,772,712,743,734,737,752,768,700,739
g108,612,612,639,634,663,651,664,692,653,658
g109,201,211,225,219,250,206,207,225,237,207
g110,237,260,241,235,215,202,226,225,226,221
g111,1941,1907,1942,1944,1943,1888,1972,1906,1946,1929
g112,404,458,396,464,393,429,445,410,405,434
g113,85,88,84,86,76,851,858,895,782,907
g114,452,486,504,489,462,487,503,459,443,515
g115,238,212,223,238,223,219,236,206,208,227
g116,1956,2086,1976,1986,1970,1996,1968,2007,1920,1968
g117,267,308,242,267,279,287,288,274,248,279
g118,1319,1281,1280,1326,1262,1309,1340,1306,1316,1389
g119,1917,1887,1900,1904,1942,1927,1845,1942,1862,1803
g120,91,93,101,91,108,91,85,99,86,80
g121,483,489,531,506,441,494,477,490,441,478
g122,265,248,242,233,242,265,266,234,250,235
g123,1296,1308,1299,1296,1232,1322,1271,1280,1318,1354
g124,1101,1041,1043,1049,1163,1042,1064,1035,1041,1005
g125,182,171,166,162,189,143,170,175,152,149
g126,752,707,691,683,706,702,715,676,735,699
g127,1034,1041,1066,1072,1110,1086,1001,1049,1108,1030
g128,1265,1229,1207,1236,1224,1186,1221,1319,1317,1217
g129,719,684,703,703,721,699,694,719,711,690
g130,133,110,112,98,121,113,125,116,119,116
g131,1222,1210,1232,1189,1186,1189,1195,1146,1166,1222
g132,1662,1646,1612,1610,1659,1654,1661,1661,1623,1676
g133,1144,1173,1238,1277,1293,1209,1160,1185,1236,1221
g134,1337,1303,1309,1379,1340,1332,1416,1382,1349,1378
g135,1167,1195,1137,1171,1181,1153,1095,1081,1140,1134
g136,1897,1896,1908,1885,1992,1898,1885,1905,1868,1906
g137,1159,1129,1176,1161,1199,1184,1166,1192,1169,1217
g138,1578,1715,1709,1678,1752,1707,1671,1624,1657,1756
g139,1178,1302,1291,1251,1234,1276,1246,1302,1213,1242
g140,383,394,364,388,442,386,379,403,405,397
g141,33,35,40,45,35,29,32,39,43,27
g142,1359,1311,1305,1350,1287,135,143,136,131,134
g143,1561,1457,1547,1447,1557,1516,1518,1432,1432,1495
g144,696,643,695,693,616,701,671,667,647,630
g145,203,196,197,202,199,2063,1924,1938,2007,1956
g146,1612,1668,1578,1630,1605,1637,1594,1591,1598,1643
g147,1359,1267,1316,1326,1296,1288,1304,1325,1275,1295
g148,1305,1268,1299,1217,1243,1263,1283,1290,1302,1322
g149,1547,1569,1536,1581,1587,1570,1562,1532,1596,1558
g150,1611,1613,1636,1614,1639,1652,1606,1685,1549,1649
g151,1649,1741,1692,1736,1673,1714,1651,1692,1701,1702
g152,1465,1400,1340,1379,1319,1448,1367,1430,1373,1378
g153,1200,1300,1292,1341,1263,1314,1223,1275,1210,1226
g154,689,731,662,725,753,721,700,703,661,712
g155,1354,1395,1382,1421,1368,1357,1390,1365,1384,1416
g156,1115,1144,1152,1160,1168,1135,1178,1167,1180,1187
g157,158,159,153,152,150,1591,1512,1559,1517,1460
g158,1377,1215,1325,1304,1271,1329,1215,1317,1288,1300
g159,720,702,740,738,719,669,731,703,726,733
g160,1913,2027,2103,1911,1988,1955,2034,2050,1982,2015
g161,216,207,225,196,182,233,207,207,214,223
g162,827,820,846,829,899,862,821,835,864,836
g163,708,715,720,747,743,766,813,720,733,771
g164,1166,1210,1132,1093,1132,1108,1195,1127,1099,1157
g165,595,650,607,622,591,638,622,631,620,632
g166,96,84,99,91,94,91,86,99,106,84
g167,1366,1344,1345,1396,1340,1360,1366,1435,1337,1349
g168,2034,2010,2057,1980,2031,2068,2071,1977,1999,2013
g169,1992,2020,1973,2035,2021,1951,1998,1996,2111,2058
g170,2024,2012,1943,1989,1960,1985,2048,1966,2043,2044
g171,672,697,707,674,708,724,700,676,684,710
g172,1665,1689,1686,1659,1635,1704,1639,1629,1607,1655
g173,357,380,379,303,382,350,335,315,379,352
g174,266,260,245,253,256,240,271,237,270,265
g175,375,423,418,415,375,444,436,387,395,407
g176,556,541,535,550,564,557,558,577,546,542
g177,944,900,908,957,1003,891,891,944,881,887
g178,454,467,456,441,455,452,460,475,488,458
g179,721,731,775,722,705,713,740,719,686,690
g180,1383,1452,1378,1393,1415,1410,1373,1376,1437,1390
g181,1607,1607,1541,1600,1590,1596,1571,1532,1620,1671
g182,1077,985,1004,981,1002,1057,972,1011,1010,981
g183,751,722,730,772,768,715,695,719,724,708
g184,1637,1709,1679,1595,1698,1648,1645,1699,1608,1654
g185,739,722,762,766,714,708,758,737,712,750
g186,936,1008,1004,1033,1022,1067,1030,1065,1002,1035
g187,212,207,233,222,231,223,209,214,229,201
g188,95,100,77,86,84,91,79,94,72,100
g189,1319,1264,1235,1219,1226,1256,1222,1263,1238,1222
g190,1434,1409,1494,1450,1474,1444,1450,1433,1492,1424
g191,914,927,901,920,875,901,894,856,918,888
g192,254,264,246,283,271,28,27,25,25,26
g193,763,764,800,793,765,761,772,728,755,807
g194,106,94,115,106,115,125,114,117,123,115
g195,1705,1775,1753,1714,1730,1699,1756,1733,1730,1736
g196,133,121,136,145,126,132,116,133,129,121
g197,1924,1951,1955,1926,1991,1999,1921,1882,1977,1981
g198,9,4,7,11,4,7,6,4,10,4
g199,762,819,739,731,793,714,810,751,771,754
g200,2027,2042,1929,1971,2017,2048,2014,2011,1939,1953
g201,1330,1256,1268,1248,1257,1238,1308,1254,1228,1231
g202,1151,1126,1159,1142,1141,1109,1153,1143,1144,1101
g203,553,545,546,541,506,550,506,550,599,503
g204,498,538,582,557,558,521,567,540,540,539
g205,1266,1214,1161,1186,1204,1206,1202,1297,1300,1226
g206,1921,1946,1941,1955,2010,1931,2039,2007,1990,1972
g207,1368,1387,1397,1380,1360,1420,1422,1382,1409,1338
g208,1596,1602,1567,1567,1540,1588,1566,1572,1596,1640
g209,148,154,148,151,154,1534,1501,1498,1468,1486
g210,609,628,669,638,621,642,649,617,590,613
g211,605,587,571,564,603,576,595,614,622,618
g212,1169,1138,1175,1154,1201,1226,1200,1168,1230,1223
g213,1171,1198,1143,1262,1154,1226,1253,1192,1212,1218
g214,627,602,595,579,643,588,595,617,611,624
g215,1595,1632,1665,1626,1606,1630,1651,1599,1636,1685
g216,521,518,493,562,553,503,535,500,514,542
g217,548,513,537,570,577,566,541,528,537,514
g218,402,413,420,415,395,389,381,432,384,378
g219,257,240,271,258,259,256,297,288,223,269
g220,1676,1776,1713,1707,1766,1680,1717,1679,1719,1720
g221,999,974,948,979,910,986,942,951,949,988
g222,1968,2027,2097,2003,2151,2066,2092,1989,1965,2008
g223,583,626,563,570,612,612,626,567,564,634
g224,1800,1826,1833,1801,1887,1766,1851,1761,1799,1746
g225,87,83,90,88,82,76,79,83,97,89
g226,575,612,585,599,645,637,608,606,564,595
g227,1309,1314,1307,1310,1301,1406,1312,1373,1364,1322
g228,1422,1425,1352,1415,1397,1454,1385,1375,1373,1373
g229,108,108,104,108,103,1008,1089,1086,995,1064
g230,38,23,28,28,23,22,27,26,31,26
g231,1680,1632,1726,1690,1676,1654,1673,1725,1676,1722
g232,543,495,497,530,488,523,485,528,516,541
g233,1515,1512,1509,1427,1463,1516,1474,1541,1513,1515
g234,150,183,177,154,172,150,158,161,160,182
g235,1914,1913,1855,1860,1872,1896,1883,1894,1905,1918
g236,1935,1908,1937,1868,1853,1901,1882,1964,1872,1864
g237,543,493,498,520,511,483,498,536,482,521
g238,1400,1367,1293,1361,1305,1335,1308,1342,1320,1357
g239,937,929,996,1042,975,975,1021,984,982,1059
g240,332,349,370,316,340,331,359,332,322,341
g241,1508,1523,1447,1488,1442,1495,1499,1566,1390,1555
g242,523,519,494,530,513,536,529,496,525,515
g243,456,453,453,492,445,456,476,497,476,486
g244,1609,1555,1562,1557,1558,1593,1598,1573,1556,1534
g245,1739,1798,1787,1818,1705,1745,1732,1780,1771,1739
g246,1330,1348,1424,1373,1385,1349,1334,1366,1286,1374
g247,723,738,735,711,704,729,767,708,724,734
g248,520,543,521,525,515,480,511,517,502,512
g249,1019,1075,1010,942,1012,980,1002,972,970,1043
g250,1100,1133,1134,1086,1158,1136,1116,1139,1104,1114
g251,579,553,553,619,551,538,541,572,588,563
g252,1008,976,986,952,984,997,980,977,1015,980
g253,133,122,115,115,107,137,124,137,122,132
g254,972,951,978,1066,1010,963,981,974,991,954
g255,1929,2021,1998,2054,2077,1995,1974,1971,1997,1952
g256,432,429,429,394,416,380,406,419,427,403
g257,2010,1926,1922,2075,1897,2073,1968,2012,1917,1948
g258,1141,1133,1157,1175,1162,1112,1132,1154,1212,1189
g259,739,661,661,687,679,655,690,677,673,696
g260,1947,1882,2014,1980,1917,1932,1886,1957,1948,1992
g261,86,101,90,76,90,102,107,95,85,91
g262,256,264,289,263,273,279,273,249,244,284
g263,454,437,457,452,457,483,494,427,454,437
g264,741,804,795,802,820,814,829,814,837,781
g265,105,120,132,123,129,125,111,126,119,127
g266,1911,2024,1952,1988,1951,1937,1964,1967,1918,1928
g267,1580,1569,1541,1468,1596,1569,1493,1516,1521,1532
g268,332,355,317,307,314,322,333,352,329,316
g269,736,698,669,705,683,679,683,700,713,683
g270,1796,1857,1891,1709,1833,1824,1852,1812,1829,1838
g271,1254,1261,1180,1258,1197,1215,1235,1321,1217,1286
g272,1923,1885,1863,1841,1812,1881,1838,1855,1858,1832
g273,312,312,333,308,359,309,303,305,324,329
g274,575,598,580,570,565,631,571,570,584,636
g275,188,189,200,167,197,200,210,182,184,207
g276,558,565,579,544,551,580,569,601,631,545
g277,951,1019,1015,927,1009,961,999,1005,1011,931
g278,471,481,457,476,442,477,484,455,491,490
g279,1182,1139,1209,1207,1237,1204,1201,1206,1167,1197
g280,795,821,785,835,756,823,821,779,768,778
g281,807,738,796,861,843,830,898,825,830,918
g282,30,22,29,36,32,28,33,26,23,36
g283,1410,1393,1343,1356,1298,1348,1351,1332,1373,1384
g284,610,607,598,645,604,557,607,593,598,628
g285,1658,1723,1591,1660,1735,1676,1632,1625,1712,1716
g286,427,423,431,399,395,440,466,436,438,461
g287,76,79,53,71,72,70,93,64,77,71
g288,1148,1226,1203,1185,1094,1217,1215,1175,1172,1142
g289,377,346,350,361,382,392,383,393,338,370
g290,412,386,358,410,381,385,406,388,395,377
g291,1230,1271,1201,1269,1196,1184,1240,1288,1278,1239
g292,1630,1605,1661,1616,1758,1645,1588,1546,1671,1635
g293,1024,1028,1055,992,1031,1058,1001,1022,1059,1026
g294,621,607,614,682,644,672,671,649,588,674
g295,1259,1245,1265,1342,1255,1249,1311,1296,1217,1277
g296,1407,1430,1459,1399,1423,1491,1443,1465,1452,1439
g297,679,683,683,631,637,664,686,648,681,715
g298,999,997,1020,956,979,976,1041,955,992,1045
g299,148,156,164,177,155,132,154,145,150,168
g300,889,902,970,938,937,921,918,938,966,995
g301,1913,1901,1910,1851,1939,1849,1871,1874,1858,1867
g302,1917,1976,1962,1996,1939,1884,1921,1882,1970,1890
g303,51,51,53,52,49,528,556,523,515,526
g304,580,629,642,656,656,653,599,645,625,594
g305,977,943,1060,993,967,985,1025,986,959,976
g306,1408,1466,1385,1468,1371,1465,1427,1459,1446,1373
g307,74,83,74,70,71,81,88,67,67,64
g308,854,863,883,899,870,810,821,895,858,914
g309,1367,1292,1302,1387,1309,1310,1416,1365,1359,1319
g310,226,214,216,217,184,210,224,189,171,212
g311,395,363,374,396,380,366,389,372,321,383
g312,1239,1259,1259,1214,1225,1261,1264,1191,1184,1307
g313,1248,1276,1174,1254,1256,1272,1165,1187,1179,1297
g314,320,310,326,311,321,295,289,339,309,293
g315,1602,1572,1495,1631,1526,1538,1558,1514,1592,1551
g316,1208,1165,1141,1157,1134,116,119,120,116,123
g317,1292,1331,1281,1319,1312,1310,1317,1319,1329,1367
g318,1717,1900,1879,1852,1823,1835,1860,1951,1849,1819
g319,1844,1858,1916,1837,1830,1796,1831,1898,1816,1816
g320,1671,1672,1647,1726,1735,1649,1686,1648,1672,1664
g321,631,605,549,591,603,613,618,607,580,604
g322,1036,1063,1050,1032,1067,1071,1052,1070,1131,1155
g323,20,24,23,20,17,18,19,25,27,23
g324,691,629,637,689,657,62,67,69,64,67
g325,408,427,428,381,436,419,391,396,403,398
g326,368,381,370,373,373,368,359,363,374,347
g327,904,942,876,917,898,928,934,947,916,921
g328,831,811,821,788,827,848,834,821,876,785
g329,40,38,43,45,41,432,423,422,419,404
g330,934,854,852,860,911,896,904,890,902,900
g331,1276,1293,1242,1271,1176,1230,1251,1215,1284,1260
g332,1369,1304,1342,1276,1290,1264,1270,1255,1273,1359
g333,403,430,411,384,412,389,407,418,385,392
g334,1329,1351,1334,1354,1440,1370,1404,1326,1387,1378
g335,1209,1146,1156,1184,1189,1150,1216,1166,1186,1136
g336,1394,1409,1372,1457,1418,1383,1378,1455,1420,1444
g337,1677,1735,1690,1682,1774,1678,1701,1714,1754,1782
g338,1565,1554,1613,1531,1533,1573,1496,1544,1521,1608
g339,614,629,623,624,636,590,634,651,618,597
g340,1724,1790,1778,1759,1702,1784,1799,1730,1792,1819
g341,600,540,591,561,573,651,590,589,560,559
g342,680,677,698,627,623,65,67,68,67,64
g343,176,193,191,193,190,181,183,169,197,182
g344,1476,1591,1565,1478,1549,1500,1508,1531,1562,1476
g345,1096,1102,1120,1106,1108,1027,1071,1117,1055,1086
g346,1374,1354,1427,1352,1411,1450,1391,1365,1305,1331
g347,655,628,610,659,671,621,624,648,598,618
g348,886,899,897,886,891,850,937,856,876,874
g349,299,313,303,326,272,307,306,271,305,282
g350,1584,1591,1565,1638,1557,1551,1585,1567,1520,1653
g351,1078,1018,1114,1024,1051,987,1013,1027,1084,1069
g352,944,900,896,868,921,823,933,866,911,857
g353,998,995,1061,1014,1050,1116,1039,1104,1122,1025
g354,1766,1865,1894,1835,1855,183,182,182,186,193
g355,842,867,878,888,888,836,855,875,864,888
g356,50,56,34,46,62,56,36,44,58,61
g357,149,151,156,146,145,1557,1539,1485,1526,1457
g358,680,643,703,684,697,722,656,684,694,688
g359,162,152,154,155,153,1609,1482,1523,1568,1554
g360,203,193,209,190,205,224,202,201,170,221
g361,481,522,578,593,559,490,518,552,514,543
g362,197,224,202,181,208,184,192,176,198,235
g363,1925,1966,1989,1945,1938,2011,1948,1949,2037,1942
g364,1826,1894,1786,1872,1803,1855,1856,1867,1798,1883
g365,1273,1272,1227,1246,1250,1252,1197,1228,1214,1280
g366,1272,1365,1255,1322,1231,1255,1241,1281,1242,1285
g367,1630,1760,1661,1665,1709,1661,1623,1617,1591,1577
g368,673,690,722,705,711,677,687,716,714,655
g369,391,330,354,338,358,333,326,312,348,318
g370,517,532,482,546,539,531,496,499,525,474
g371,1484,1468,1442,1476,1443,1439,1437,1444,1518,1501
g372,767,819,820,745,805,758,726,801,756,779
g373,679,671,653,661,651,686,694,646,640,629
g374,581,566,561,568,583,555,610,597,553,598
g375,1136,1161,1145,1171,1189,1160,1142,1117,1155,1157
g376,1603,1653,1611,1707,1687,1630,1705,1687,1652,1669
g377,444,448,427,428,424,415,415,402,416,404
g378,515,547,524,545,549,534,532,541,500,569
g379,1980,2012,2034,1932,2006,2016,1896,2071,1973,1980
g380,60,47,44,48,53,41,54,49,54,45
g381,1281,1281,1318,1225,1263,1255,1309,1283,1274,1252
g382,529,555,517,521,458,518,485,520,517,537
g383,52,34,43,55,45,46,32,35,44,42
g384,1213,1181,1187,1223,1223,1259,1221,1167,1222,1171
g385,1900,2002,1968,1884,1924,1945,1983,1917,1949,1890
g386,1831,1781,1823,1843,1869,1881,1893,1855,1879,1820
g387,1792,1831,1823,1814,1733,1809,1758,1793,1753,1796
g388,1243,1188,1271,1193,1290,1255,1205,1328,1197,1228
g389,1814,1776,1777,1819,1776,1771,1789,1728,1771,1754
g390,81,90,87,88,87,93,85,100,64,88
g391,3,3,4,5,1,1,4,2,0,5
g392,1611,1619,1618,1605,1652,1719,1621,1645,1642,1591
g393,964,936,959,947,936,955,966,967,935,945
g394,53,35,48,36,50,41,63,48,52,51
g395,1909,1758,1793,1936,1856,1870,1887,1829,1926,1913
g396,880,872,868,904,875,885,881,884,891,908
g397,1946,1971,1907,1886,1994,1988,1954,1856,1906,1853
g398,1649,1647,1534,1617,1609,1656,1639,1552,1549,1633
g399,1504,1469,1509,1497,1557,1479,1537,1506,1533,1489
g400,1616,1709,1619,1632,1631,1615,1608,1579,1615,1633
g401,1428,1457,1484,1500,1482,1512,1539,1553,1477,1434
g402,1989,1908,2006,2026,2134,1982,2005,2060,2041,1996
g403,1704,1671,1680,1618,1600,1661,1633,1634,1600,1626
g404,969,938,972,964,977,988,994,977,957,928
g405,1968,1889,1884,1859,1926,1898,1875,1894,1857,1858
g406,1929,1892,1902,1947,1906,1980,1911,1949,1922,1928
g407,1086,1153,1095,1070,1066,1022,1096,1092,1102,1048
g408,530,541,534,533,500,527,516,509,528,496
g409,313,308,326,316,331,311,325,310,304,284
g410,1884,1852,1902,1919,1846,1868,1860,1892,1986,1839
g411,1453,1500,1476,1495,1459,1521,1484,1479,1482,1474
g412,657,660,668,636,674,682,647,628,653,651
g413,558,482,519,526,497,513,546,530,516,534
g414,1289,1376,1285,1268,1293,1273,1350,1323,1317,1271
g415,1598,1618,1642,1565,1626,1550,1677,1582,1659,1559
g416,2010,1880,2020,1967,1960,2007,1998,1900,1938,2015
g417,199,202,205,217,196,225,200,195,179,213
g418,1531,1577,1524,1537,1486,1529,1514,1588,1493,1527
g419,447,430,461,368,448,387,408,443,426,428
g420,826,815,855,832,805,842,868,846,872,830
g421,980,1024,981,939,939,939,1020,965,1023,981
g422,593,564,607,627,608,566,568,583,604,525
g423,973,985,1009,990,1016,1020,970,987,982,1027
g424,106,111,115,110,134,110,112,131,127,118
g425,221,213,199,193,223,233,210,218,208,207
g426,94,89,117,105,89,101,103,90,94,109
g427,1344,1307,1326,1259,1283,1299,1329,1323,1291,1400
g428,1851,1816,1795,1811,1817,1852,1756,1744,1792,1841
g429,786,919,803,844,874,838,843,821,886,862
g430,1066,1075,1117,1065,1085,1012,1072,1032,1055,1042
g431,1317,1291,1269,1351,1300,1384,1325,1307,1377,1363
g432,312,332,330,350,299,288,291,348,302,346
g433,1281,1327,1408,1294,1325,1295,1367,1288,1295,1314
g434,2070,1995,2057,1976,1983,2053,2045,2008,1905,2000
g435,126,136,132,123,134,1318,1295,1393,1311,1321
g436,492,476,518,496,491,486,491,487,500,511
g437,32,30,44,41,46,48,37,39,32,31
g438,1885,1981,2005,1993,1919,2087,1980,2019,2047,1957
g439,1644,1678,1623,1623,1562,1584,1629,1563,1545,1651
g440,2022,1998,2009,2035,2004,1972,2045,2038,1974,2048
g441,449,417,434,446,431,445,435,453,402,438
g442,1831,1824,1784,1749,1788,1737,1811,1785,1804,1876
g443,491,507,526,498,532,549,512,560,516,526
g444,259,267,273,245,255,242,256,236,259,271
g445,537,518,542,524,554,522,484,550,542,523
g446,71,75,58,65,63,7,7,6,7,6
g447,1371,1438,1430,1472,1429,1396,1418,1524,1393,1474
g448,1662,1591,1622,1695,1706,1643,1713,1687,1641,1657
g449,294,290,314,304,339,306,306,317,329,303
g450,715,702,666,718,654,647,685,684,678,686
g451,1097,1099,1088,1066,1104,1027,1055,1056,1138,1029
g452,836,800,818,843,847,84,79,84,77,83
g453,170,165,159,157,161,1563,1640,1643,1600,1647
g454,60,63,52,49,45,56,47,60,57,42
g455,865,817,871,843,822,808,820,827,773,832
g456,75,89,96,84,75,92,80,99,85,82
g457,1497,1455,1381,1336,1398,1440,1398,1453,1433,1429
g458,876,855,965,922,919,900,925,919,864,971
g459,1731,1708,1761,1751,1721,1653,1716,1706,1711,1739
g460,1736,1670,1683,1673,1669,1702,1700,1662,1708,1628
g461,10,10,9,11,10,104,97,102,111,105
g462,523,529,534,543,537,576,531,574,542,568
g463,1582,1576,1628,1522,1560,1552,1633,1582,1519,1586
g464,372,339,373,382,379,344,371,361,359,349
g465,334,347,357,328,310,330,365,312,329,326
g466,1555,1480,1539,1528,1542,1566,1515,1534,1605,1620
g467,1360,1380,1424,1482,1339,1392,1410,1397,1439,1366
g468,1145,1133,1189,1122,1148,1186,1198,1073,1084,1175
g469,1517,1461,1455,1462,1495,1431,1471,1469,1475,1508
g470,1480,1456,1495,1465,1469,1482,1477,1428,1442,1487
g471,0,3,2,1,1,1,3,2,3,1
g472,1178,1212,1168,1140,1174,1148,1172,1128,1220,1186
g473,34,32,32,30,32,317,301,336,283,321
g474,472,478,430,472,477,435,499,448,447,466
g475,1013,1061,1064,1075,1072,1028,1070,1070,1068,1054
g476,1368,1493,1414,1466,1350,1367,1407,1370,1454,1417
g477,1090,1075,1088,1052,1080,1120,1082,1034,1116,1013
g478,1112,1042,1070,1064,1010,1012,1021,1056,1050,1028
g479,615,614,666,605,590,616,615,645,624,620
g480,1816,1788,1814,1875,1848,1840,1856,1774,1779,1784
g481,604,600,625,594,640,643,599,607,647,616
g482,310,319,325,314,322,34,29,32,32,33
g483,1508,1571,1496,1501,1462,1547,1539,1495,1536,1503
g484,1501,1571,1564,1573,1582,1475,1524,1428,1541,1527
g485,1125,1131,1171,1148,1166,1130,1192,1110,1180,1146
g486,971,997,949,980,965,953,995,945,1001,930
g487,1608,1534,1530,1669,1574,1516,1553,1530,1589,1593
g488,1032,1008,1091,1044,1010,1024,1021,1036,1004,1053
g489,110,78,94,86,119,92,107,111,108,98
g490,1765,1740,1738,1714,1714,1686,1726,1724,1739,1742
g491,114,111,106,109,112,1179,1050,1117,1131,1121
g492,395,366,354,372,375,361,384,342,378,360
g493,1209,1204,1181,1211,1275,1258,1245,1315,1254,1207
g494,690,712,686,754,718,709,689,738,718,790
g495,466,447,436,457,394,434,447,443,459,436
g496,1455,1391,1441,1448,1408,1393,1365,1459,1462,1407
g497,1085,1093,1076,1053,1062,1091,1091,1108,1060,1157
g498,451,447,420,412,459,409,445,408,414,397
g499,116,110,108,115,115,1144,1094,1151,1111,1122
g500,481,470,521,503,495,489,509,470,475,507
g501,586,671,658,616,656,670,661,691,658,637
g502,485,451,427,393,453,431,423,452,428,419
g503,1667,1684,1671,1675,1735,1696,1721,1750,1671,1714
g504,1502,1499,1471,1411,1420,1395,1433,1467,1488,1415
g505,1019,1101,1086,1044,1068,1064,1094,1046,1036,1050
g506,1409,1476,1541,1509,1386,1419,1476,1461,1513,1396
g507,968,962,1028,981,934,1033,992,1000,991,959
g508,493,422,449,505,431,471,466,415,464,476
g509,1643,1622,1540,1560,1663,1632,1536,1531,1563,1573
g510,210,222,197,222,218,198,198,234,226,202
g511,400,446,412,407,415,450,409,429,408,428
g512,1650,1613,1693,1771,1714,1708,1664,1722,1732,1665
g513,147,124,134,109,150,121,142,163,116,163
g514,568,560,581,543,552,552,577,568,580,537
g515,586,563,539,560,607,553,693,618,534,618
g516,1855,1840,1960,1887,1890,1840,1798,1917,1928,1891
g517,1987,1948,1918,2042,2018,1931,2008,1999,2049,1979
g518,1216,1178,1148,1179,1131,1117,1155,1150,1133,1083
g519,1071,1094,1103,1050,1087,1109,1091,1102,1110,1047
g520,657,655,624,621,657,599,653,632,606,641
g521,1262,1299,1204,1255,1273,1277,1251,1264,1226,1278
g522,1317,1323,1289,1269,1292,1297,1333,1329,1294,1293
g523,1716,1712,1631,1752,1680,1685,1673,1605,1661,1646
g524,973,988,988,975,965,953,1029,930,997,1011
g525,644,586,657,593,596,622,594,622,598,635
g526,958,964,1033,1002,1005,988,1026,1048,1021,1014
g527,4,5,5,6,4,56,55,42,42,38
g528,1781,1796,1764,1839,1875,1841,1847,1848,1770,1792
g529,683,737,741,710,706,739,705,715,755,735
g530,195,196,180,203,173,162,176,191,180,168
g531,84,61,63,72,68,64,60,77,75,69
g532,84,101,92,81,84,73,69,83,86,82
g533,1043,1004,1001,964,1052,960,1030,1049,1048,1021
g534,784,776,798,798,755,787,810,769,848,782
g535,916,999,995,1000,996,949,970,949,1005,993
g536,862,925,941,904,926,925,920,986,887,898
g537,48,46,49,47,48,470,502,451,467,476
g538,1084,1030,1054,1019,1023,1046,1092,989,1046,1075
g539,1943,1926,1898,1935,1883,1960,1919,1880,1938,2043
g540,1011,1002,1003,992,955,1004,999,920,984,1014
g541,1495,1576,1533,1548,1525,1550,1563,1461,1499,1585
g542,903,948,954,907,896,969,975,960,901,925
g543,1346,1329,1371,1334,1364,1361,1314,1340,1258,1353
g544,1679,1581,1593,1598,1613,1685,1661,1683,1591,1555
g545,304,289,291,292,339,345,318,316,310,286
g546,1255,1221,1221,1281,1243,1212,1255,1180,1249,1203
g547,1783,1820,1822,1790,1814,1835,1831,1841,1812,1788
g548,772,730,740,729,742,725,761,730,755,736
g549,1402,1413,1357,1419,1392,1390,1346,1420,1358,1461
g550,382,386,386,366,372,408,396,358,403,374
g551,1424,1440,1398,1366,1378,1380,1440,1460,1405,1473
g552,1520,1499,1466,1498,1428,1494,1528,1538,1495,1531
g553,1012,1054,1066,972,1040,984,986,1010,1037,1028
g554,589,639,671,616,656,638,647,629,609,591
g555,1009,1004,1071,1124,1088,1080,1070,1053,1045,1079
g556,1515,1578,1594,1593,1496,1518,1503,1600,1560,1503
g557,860,885,951,904,945,924,928,940,881,965
g558,954,939,974,998,976,965,888,992,978,982
g559,613,613,576,573,549,557,532,543,582,573
g560,1208,1186,1205,1144,1182,1174,1224,1233,1231,1168
g561,475,463,448,491,413,474,461,445,497,473
g562,86,96,85,88,73,103,71,67,74,76
g563,491,493,471,478,529,482,503,506,492,501
g564,1525,1573,1550,1562,1532,1486,1535,1530,1519,1524
g565,750,728,778,705,775,732,746,789,751,776
g566,1258,1265,1196,1220,1243,1271,1276,1235,1276,1231
g567,1606,1589,1701,1627,1470,1670,1619,1602,1677,1571
g568,504,522,528,498,552,501,496,523,502,479
g569,1290,1260,1248,1241,1302,1285,1227,1258,1277,1258
g570,443,452,437,435,460,439,428,456,464,464
g571,1131,1093,1112,1079,1086,1048,1065,1135,1149,1160
g572,1546,1570,1560,1555,1594,1545,1562,1509,1559,1571
g573,925,884,913,914,901,877,820,894,908,888
g574,1179,1188,1182,1128,1235,1190,1188,1195,1263,1154
g575,870,874,898,918,937,872,888,912,874,918
g576,1073,1144,1112,1119,1078,1137,1144,1082,1164,1146
g577,1644,1620,1618,1668,1651,1621,1677,1671,1739,1560
g578,1004,1030,1012,1001,981,1036,1023,1007,989,1024
g579,1239,1221,1229,1271,1262,1212,1277,1216,1271,1243
g580,410,472,431,385,423,390,443,389,434,414
g581,1411,1410,1413,1417,1394,1397,1427,1442,1433,1331
g582,1540,1568,1563,1644,1595,1608,1588,1532,1540,1544
g583,366,337,299,351,355,336,320,339,320,334
g584,92,90,127,104,84,105,110,87,124,78
g585,2024,1925,1938,1906,1979,1919,1898,2016,2007,1884
g586,771,726,781,762,802,806,849,824,782,818
g587,390,387,400,409,375,351,367,382,360,405
g588,567,545,553,585,522,572,559,543,579,549
g589,394,365,383,411,409,380,395,367,412,388
g590,626,645,647,634,648,649,649,606,664,633
g591,3,4,3,4,3,29,26,28,34,15
g592,170,169,177,176,188,167,159,189,188,187
g593,1128,1114,1214,1229,1149,1164,1176,1190,1176,1242
g594,160,154,150,129,174,136,137,140,161,138
g595,1927,2004,1906,1938,1933,1809,1980,1977,1929,1978
g596,1859,1854,1831,1899,1838,1940,1852,1922,1844,1821
g597,1252,1234,1241,1262,1232,1190,1232,1244,1212,1295
g598,1152,1191,1180,1218,1162,1197,1192,1166,1187,1143
g599,178,184,221,210,188,209,197,214,181,212
g600,1297,1262,1256,1190,1249,1255,1272,1254,1279,1268
g601,682,734,711,745,734,731,768,761,682,695
g602,1008,1015,919,944,984,959,1017,996,1015,996
g603,89,88,80,98,99,84,88,108,82,85
g604,1053,1088,1087,1125,1096,1113,1124,1055,1114,1060
g605,2035,2067,2031,2032,2013,2002,2020,2060,2103,2036
g606,514,550,522,606,536,534,525,533,532,523
g607,1949,2034,2095,2032,2016,1968,1959,2027,1981,1954
g608,137,167,152,180,163,172,136,152,164,138
g609,1734,1707,1738,1712,1664,1665,1697,1802,1735,1708
g610,178,186,179,173,208,182,188,182,191,186
g611,950,923,982,880,981,965,961,944,979,986
g612,1599,1588,1588,1573,1661,1594,1542,1637,1618,1621
g613,856,808,912,844,841,860,794,835,870,799
g614,943,991,909,909,949,917,941,970,963,1004
g615,152,148,153,162,165,139,152,142,135,145
g616,1986,1963,1982,1975,1963,1942,1982,1923,1965,1971
g617,473,428,448,447,447,446,489,455,428,480
g618,1515,1542,1576,1563,1483,1579,1639,1555,1516,1562
g619,1064,1112,1147,1130,1076,1123,1072,1193,1091,1121
g620,874,914,903,855,887,868,872,906,844,859
g621,970,917,989,970,1037,1004,989,966,974,984
g622,1866,1765,1779,1719,1787,1765,1755,1669,1784,1793
g623,1120,1007,1130,1142,1111,1124,1125,1142,1138,1141
g624,1347,1322,1377,1351,1325,1324,1451,1378,1315,1308
g625,1977,1868,1775,1916,1890,1889,1871,1888,1917,1881
g626,1964,1966,1911,1941,2005,1886,1879,1976,1968,1992
g627,492,491,497,486,497,534,515,483,512,516
g628,1087,1028,1087,1091,1057,1025,1058,1148,1111,1100
g629,1114,1132,1149,1154,1167,1173,1140,1165,1167,1167
g630,1146,1122,1145,1128,1085,1101,1105,1158,1099,1113
g631,1777,1693,1733,1681,1699,1760,1809,1832,1709,1826
g632,339,331,305,311,331,338,329,366,353,316
g633,366,414,389,412,405,405,424,404,399,392
g634,1176,1177,1202,1216,1177,1233,1138,1230,1135,1184
g635,439,423,409,431,419,413,430,427,406,445
g636,394,410,425,403,395,407,413,395,428,405
g637,1734,1722,1712,1721,1720,1760,1762,1777,1737,1752
g638,1320,1349,1303,1326,1314,1343,1332,1352,1325,1333
g639,488,474,487,479,454,458,439,452,477,491
g640,1724,1714,1689,1805,1757,1679,1713,1773,1852,1739
g641,12,12,13,11,12,136,132,129,119,125
g642,922,970,977,1026,976,985,976,1004,1045,988
g643,240,257,250,282,266,294,263,264,246,261
g644,220,236,196,220,225,203,201,199,221,220
g645,1357,1323,1412,1459,1366,1381,1401,1365,1342,1352
g646,921,926,967,944,994,895,878,850,897,969
g647,1043,925,1001,969,1031,1009,943,1019,1019,1049
g648,896,889,875,899,897,879,908,954,888,892
g649,1303,1332,1385,1244,1312,1319,1246,1329,1363,1312
g650,421,463,444,460,481,455,454,418,462,447
g651,254,214,219,254,225,228,241,209,260,235
g652,1747,1755,1770,1717,1664,1723,1683,1705,1695,1774
g653,1644,1634,1554,1637,1669,1630,1623,1567,1603,1645
g654,1141,1107,1097,1105,1140,1167,1072,1063,1135,1118
g655,1010,1055,1026,1024,1024,1040,1012,1017,1049,1095
g656,1446,1464,1394,1534,1377,1422,1398,1410,1494,1398
g657,11,17,14,15,9,20,16,11,13,16
g658,1398,1420,1410,1398,1418,1417,1425,1398,1409,1411
g659,1035,999,1085,1040,1022,1034,1072,1030,1084,1034
g660,1714,1722,1690,1676,1725,1760,1764,1766,1732,1720
g661,1729,1668,1578,1662,1657,1765,1740,1693,1727,1722
g662,480,468,449,452,438,416,430,442,444,449
g663,70,75,63,84,88,81,78,88,67,65
g664,810,825,775,877,838,837,808,838,826,839
g665,133,120,141,130,121,123,141,130,142,127
g666,1661,1560,1582,1616,1736,1706,1623,1696,1668,1688
g667,1586,1656,1656,1652,1661,1641,1613,1644,1638,1644
g668,749,758,781,761,719,733,768,784,723,722
g669,1180,1203,1199,1214,1175,1229,1183,1109,1219,1211
g670,540,550,531,518,546,60,55,56,52,55
g671,44,33,40,31,38,36,35,34,42,34
g672,993,1042,1027,999,1010,1035,1044,950,988,1041
g673,9,4,9,8,3,6,8,6,8,4
g674,1690,1637,1670,1692,1604,1700,1639,1675,1670,1632
g675,649,686,662,692,689,677,679,633,655,680
g676,1622,1612,1661,1647,1640,1617,1596,1595,1565,1684
g677,44,48,42,47,50,37,39,44,43,35
g678,9,0,2,7,7,7,6,4,8,8
g679,1425,1396,1405,1418,1431,1464,1434,1444,1417,1400
g680,1317,1345,1340,1262,1359,1316,1334,1373,1361,1355
g681,1361,1363,1355,1357,1359,1368,1345,1322,1276,1315
g682,100,104,100,108,98,10,10,12,11,12
g683,276,303,245,280,286,251,285,293,280,283
g684,1435,1460,1459,1498,1459,1491,1517,1455,1456,1537
g685,170,186,163,192,171,192,177,177,182,166
g686,1793,1637,1735,1713,1658,1745,1727,1799,1726,1727
g687,895,985,914,934,989,899,959,953,904,937
g688,262,304,302,287,294,280,275,269,297,289
g689,894,904,858,878,941,909,916,893,874,899
g690,1094,1054,998,1049,1008,1083,1070,1036,1058,1061
g691,1936,2015,2035,1900,2003,2066,1946,1953,1923,2015
g692,1720,1703,1672,1707,1642,1715,1738,1648,1699,1650
g693,1690,1664,1652,1728,1713,1676,1688,1661,1715,1655
g694,877,851,903,942,897,889,927,914,965,907
g695,1441,1410,1401,1420,1404,1439,1387,1399,1392,1425
g696,784,783,832,825,768,799,801,760,767,776
g697,1652,1568,1535,1598,1579,1557,1605,1576,1522,1587
g698,609,566,563,564,543,571,600,583,549,556
g699,432,456,440,417,468,425,416,408,432,438
g700,1662,1659,1683,1737,1648,1718,1664,1696,1661,1660
g701,67,70,72,71,68,678,705,662,642,681
g702,809,768,737,765,750,770,820,742,766,748
g703,2053,1947,1940,1930,2018,1981,1938,1951,1910,1931
g704,806,736,732,725,765,780,784,775,801,715
g705,1159,1231,1133,1252,1174,1232,1231,1203,1143,1239
g706,349,341,405,380,376,362,402,354,321,417
g707,217,219,216,218,220,205,214,212,206,217
g708,441,460,442,407,410,448,415,439,445,437
g709,1566,1593,1547,1527,1533,1653,1582,1520,1577,1532
g710,336,358,318,321,370,35,37,36,35,35
g711,527,529,515,532,466,514,533,559,554,472
g712,1295,1318,1310,1286,1287,1244,1251,1321,1296,1240
g713,1085,1112,1147,1180,1139,1112,1126,1120,1072,1141
g714,277,263,257,262,241,265,273,238,238,250
g715,1810,1795,1744,1806,1806,1840,1723,1815,1818,1772
g716,1532,1531,1562,1588,1633,1563,1529,1496,1616,1597
g717,1445,1557,1517,1533,1508,1525,1471,1457,1530,1569
g718,1013,1022,1009,996,1016,1007,1012,1039,1008,1004
g719,1721,1842,1615,1683,1656,1640,1602,1645,1671,1602
g720,1296,1277,1251,1322,1218,1241,1192,1205,1193,1183
g721,445,444,473,416,404,433,414,418,470,452
g722,1235,1299,1247,1232,1344,1270,1321,1285,1265,1289
g723,367,345,383,402,426,347,364,371,398,416
g724,168,178,190,188,196,196,182,183,161,202
g725,272,267,266,259,252,268,258,267,258,269
g726,815,874,830,818,857,799,844,821,854,875
g727,710,707,724,757,720,695,697,695,695,725
g728,765,701,720,724,714,740,747,747,744,738
g729,408,436,412,425,427,447,424,429,466,455
g730,777,829,810,829,818,838,882,833,831,798
g731,1239,1205,1233,1179,1190,1202,1222,1272,1196,1267
g732,1316,1388,1338,1335,1288,1307,1338,1371,1350,1333
g733,251,207,221,233,190,211,204,242,235,228
g734,1595,1654,1638,1630,1707,1656,1630,1681,1569,1673
g735,1543,1602,1516,1584,1548,1592,1555,1598,1558,1523
g736,1293,1255,1268,1255,1273,1327,1306,1280,1323,1313
g737,1720,1688,1773,1749,1828,1727,1738,1732,1768,1704
g738,870,969,932,897,948,952,947,931,874,1012
g739,269,306,278,313,304,294,316,311,295,303
g740,1688,1685,1743,1683,1670,1653,1668,1705,1722,1676
g741,664,691,703,661,681,692,714,714,665,675
g742,971,906,985,1032,957,948,970,958,916,947
g743,1820,1828,1707,1804,1734,1780,1813,1796,1780,1827
g744,1724,1924,1893,1843,1853,1823,1926,1806,1896,1780
g745,222,215,227,241,209,240,243,249,261,262
g746,1952,1954,2015,1979,1982,2015,2035,1923,2064,2048
g747,1798,1781,1855,1785,1722,1833,1746,1841,1832,1831
g748,1258,1206,1223,1171,1263,1197,1257,1141,1214,1184
g749,1328,1301,1330,1367,1300,1390,1353,1376,1301,1272
g750,234,246,245,247,234,230,213,224,226,246
g751,112,117,119,117,118,104,107,110,91,98
g752,2021,1957,1905,2011,1967,2002,1926,1962,2030,1897
g753,1419,1402,1408,1472,1451,1361,1457,1446,1463,1419
g754,238,239,249,223,250,207,235,241,221,264
g755,1142,1209,1225,1177,1190,1210,1224,1213,1154,1170
g756,590,596,563,573,568,551,549,552,581,549
g757,1062,1038,1034,1037,1010,1028,1042,1030,1049,997
g758,762,787,753,759,833,766,772,696,782,725
g759,1391,1465,1441,1436,1362,1446,1424,1414,1450,1413
g760,1427,1411,1419,1365,1349,1368,1387,1465,1436,1406
g761,1172,1151,1186,1156,1155,1194,1168,1150,1254,1234
g762,71,87,84,66,71,70,71,96,72,77
g763,722,742,742,700,729,734,727,680,740,724
g764,578,588,573,563,573,583,624,581,553,545
g765,100,118,100,109,96,92,101,106,106,108
g766,69,69,61,58,76,73,68,66,81,74
g767,937,927,875,912,950,978,914,972,919,905
g768,1266,1200,1250,1266,1258,1257,1254,1234,1272,1198
g769,998,1017,1036,988,942,964,993,1022,1030,951
g770,1259,1249,1232,1185,1177,1223,1257,1257,1189,1252
g771,485,465,474,474,514,475,502,487,480,511
g772,1802,1827,1783,1780,1733,1807,1806,1785,1781,1733
g773,985,1027,1027,1047,1024,1013,1088,1024,975,1061
g774,1887,1791,1847,1823,1945,1868,1780,1798,1903,1903
g775,1221,1251,1228,1245,1193,1221,1303,1255,1279,1213
g776,1774,1853,1821,1790,1840,1864,1877,1946,1887,1894
g777,147,151,147,151,149,1492,1417,1518,1400,1417
g778,1603,1609,1618,1554,1658,1610,1604,1529,1555,1573
g779,125,119,136,120,112,128,119,109,98,141
g780,1398,1415,1370,1431,1399,1413,1445,1421,1399,1459
g781,1560,1462,1540,1552,1500,1493,1523,1595,1571,1506
g782,330,351,363,350,372,339,372,342,328,358
g783,145,132,147,126,163,142,111,150,132,127
g784,1796,1831,1777,1883,1761,1854,1872,1822,1822,1824
g785,1731,1704,1737,1789,1790,1699,1702,1720,1722,1720
g786,1062,1119,1053,1131,1063,1063,1025,1054,1071,1054
g787,1255,1284,1290,1323,1356,1262,1273,1229,1229,1234
g788,1729,1799,1784,1767,1767,1722,1705,1836,1758,1633
g789,409,380,413,384,369,358,377,392,377,412
g790,1530,1422,1472,1447,1491,1464,1461,1469,1474,1473
g791,857,832,797,849,863,834,840,848,826,880
g792,1672,1683,1685,1610,1661,1630,1685,1624,1670,1663
g793,210,220,214,212,208,209,225,216,233,214
g794,419,428,442,430,411,414,456,400,407,428
g795,1290,1362,1333,1297,1381,1325,1279,1301,1357,1309
g796,1864,1852,1904,1882,1785,1915,1934,1905,1938,1837
g797,1216,1167,1254,1224,1241,1186,1270,1207,1243,1173
g798,1857,1854,1896,2036,1940,1962,1900,1983,1946,1932
g799,409,409,468,420,421,453,423,432,447,449
g800,1270,1231,1169,1264,1224,1190,1243,1259,1216,1303
g801,640,602,633,623,618,644,604,667,658,673
g802,598,635,648,712,599,662,578,671,674,594
g803,1167,1148,1201,1091,1143,1105,1140,1119,1143,1122
g804,507,502,537,522,558,511,530,502,492,517
g805,1799,1815,1844,1796,1859,1852,1768,1783,1794,1838
g806,1153,1106,1132,1057,1105,1186,1116,1144,1086,1162
g807,1478,1493,1495,1497,1496,1540,1491,1544,1517,1454
g808,188,194,188,176,194,218,185,189,192,178
g809,979,1014,943,998,944,989,981,1037,997,954
g810,1983,2100,2100,1945,2056,1960,2000,1913,1992,1951
g811,84,103,89,103,73,102,107,89,85,98
g812,1419,1407,1519,1499,1432,1451,1468,1400,1398,1478
g813,179,173,154,161,157,164,179,176,175,185
g814,1193,1229,1291,1230,1216,1190,1199,1174,1197,1106
g815,1649,1576,1618,1642,1602,1656,1610,1669,1620,1633
g816,1282,1224,1264,1162,1280,1297,1308,1288,1227,1271
g817,1014,1057,1007,994,982,986,991,1021,1027,1031
g818,1653,1626,1623,1606,1727,1612,1620,1584,1653,1552
g819,1415,1325,1372,1315,1392,1411,1307,1347,1334,1308
g820,481,443,506,491,449,466,481,472,458,460
g821,268,262,277,285,300,287,257,262,252,257
g822,1161,1254,1268,1203,1176,1184,1204,1196,1193,1190
g823,1526,1483,1448,1480,1562,1524,1439,1521,1473,1500
g824,981,991,984,1024,989,961,963,986,963,1002
g825,1286,1296,1360,1248,1280,1377,1317,1287,1350,1390
g826,1357,1347,1299,1265,1344,1299,1285,1348,1288,1335
g827,168,160,166,166,162,1698,1615,1676,1696,1598
g828,1419,1354,1443,1384,1417,1375,1443,1441,1465,1416
g829,1255,1288,1285,1263,1313,1340,1281,1265,1303,1307
g830,257,266,276,238,268,235,244,273,280,274
g831,117,113,109,120,118,1144,1200,1206,1178,1233
g832,901,914,874,847,893,909,921,848,850,864
g833,176,196,181,198,201,216,170,200,191,186
g834,632,577,608,610,625,612,614,613,638,652
g835,1879,1981,1956,2010,1963,1998,1899,1962,2044,1968
g836,228,212,198,206,209,204,207,189,235,208
g837,1991,2023,2012,2020,1965,2031,2046,2069,2004,1935
g838,990,1056,974,1020,1106,970,1015,1050,976,994
g839,1574,1499,1508,1530,1557,1530,1499,1482,1561,1574
g840,1586,1609,1593,1564,1622,1580,1628,1616,1666,1580
g841,1429,1426,1464,1408,1422,1380,1399,1399,1370,1413
g842,50,44,41,45,51,38,49,49,45,49
g843,350,346,321,351,359,371,316,336,324,297
g844,584,566,591,638,555,557,574,536,626,590
g845,1603,1569,1537,1570,1577,1523,1595,1582,1557,1543
g846,1627,1606,1682,1544,1628,1615,1626,1637,1607,1647
g847,856,807,785,804,855,842,842,816,753,803
g848,205,228,242,211,224,202,231,225,222,227
g849,117,135,135,136,116,131,154,99,133,124
g850,93,94,111,83,88,92,98,100,75,97
g851,1108,1156,1132,1155,1191,1123,1084,1132,1107,1103
g852,1163,1150,1202,1138,1230,1138,1233,1137,1228,1193
g853,1511,1537,1534,1507,1548,1531,1541,1583,1544,1598
g854,541,589,628,562,597,598,583,578,541,579
g855,530,575,579,542,554,563,607,562,568,575
g856,573,539,542,587,581,556,529,568,524,522
g857,1566,1579,1534,1577,1577,1552,1548,1481,1485,1589
g858,410,391,382,404,388,409,416,435,387,423
g859,447,436,444,461,417,452,414,454,422,416
g860,1805,1744,1746,1734,1717,1781,1703,1777,1795,1747
g861,100,84,95,90,125,104,84,105,80,120
g862,959,921,965,940,931,977,895,982,974,913
g863,1104,1044,1091,1017,1082,1114,1119,1100,1104,1096
g864,411,395,418,393,405,423,430,378,422,400
g865,126,119,130,118,132,132,130,132,149,130
g866,1504,1423,1439,1403,1417,1453,1375,1429,1498,1424
g867,147,149,152,151,152,1536,1560,1582,1543,1546
g868,1370,1360,1316,1320,1386,1289,1365,1295,1285,1244
g869,854,857,832,921,796,908,855,922,859,910
g870,1148,1142,1111,1180,1089,1129,1116,1065,1130,1049
g871,1641,1557,1526,1585,1568,1600,1639,1622,1640,1592
g872,700,646,668,679,725,693,675,702,686,687
g873,1151,1104,1074,1073,1142,1124,1062,1090,1114,1080
g874,1361,1384,1380,1323,1330,1330,1322,1318,1257,1327
g875,181,185,186,188,176,1837,1828,1906,1845,1754
g876,1492,1499,1537,1548,1485,1566,1532,1543,1567,1418
g877,1318,1295,1272,1300,1272,1301,1333,1230,1242,1326
g878,670,674,719,709,753,693,701,672,712,700
g879,459,428,414,433,420,428,439,459,394,431
g880,818,915,921,831,894,886,898,871,899,879
g881,1903,1808,1845,1847,1940,1865,1803,1901,1886,1919
g882,1735,1763,1796,1755,1721,1730,1778,1741,1782,1763
g883,922,958,982,929,915,934,955,906,957,900
g884,1380,1446,1430,1431,1414,1439,1443,1417,1482,1328
g885,1873,1780,1897,1771,1892,1842,1837,1854,1969,1834
g886,2088,1940,2012,1990,2017,192,203,200,203,196
g887,1591,1668,1563,1590,1587,1625,1577,1533,1606,1610
g888,461,508,478,476,486,491,506,468,465,445
g889,421,414,397,409,422,418,434,410,424,444
g890,1230,1192,1179,1225,1191,1242,1257,1268,1215,1248
g891,1847,1859,1894,1842,1896,1879,1937,1907,1880,1819
g892,1358,1451,1397,1401,1424,1434,1413,1362,1425,1381
g893,1549,1572,1559,1598,1612,1604,1555,1604,1573,1570
g894,1610,1636,1723,1635,1586,1662,1668,1673,1573,1678
g895,188,159,211,191,168,200,192,219,194,164
g896,1725,1759,1731,1692,1691,167,168,168,176,174
g897,76,86,86,85,71,86,84,84,87,84
g898,1799,1729,1690,1783,1718,1786,1702,1770,1828,1749
g899,605,573,620,603,557,534,598,649,527,612
g900,117,148,162,145,139,135,142,161,149,164
g901,119,107,127,122,124,131,100,105,115,128
g902,70,66,62,74,86,68,56,68,71,67
g903,106,78,85,104,80,109,99,99,100,106
g904,376,379,396,429,399,389,393,396,405,372
g905,864,853,834,850,840,844,863,867,820,877
g906,134,129,129,120,127,113,114,129,135,114
g907,1365,1361,1357,1366,1369,1254,1385,1370,1306,1405
g908,1214,1181,1225,1209,1221,1237,1238,1173,1241,1210
g909,985,1001,982,1020,1015,1000,985,962,929,953
g910,69,75,83,68,58,61,68,70,66,67
g911,2030,1942,1875,2019,1989,1982,1906,1934,1939,2064
g912,595,558,605,554,591,556,593,565,615,584
g913,545,527,545,530,518,556,574,538,546,531
g914,2053,1984,2010,1891,1930,1903,1954,2023,1973,1984
g915,1482,1459,1490,1449,1406,1450,1435,1469,1484,1509
g916,314,327,338,318,317,292,317,360,323,343
g917,1300,1236,1256,1304,1308,1328,1302,1345,1306,1321
g918,378,405,397,359,400,387,403,423,425,380
g919,517,509,562,526,531,517,511,529,500,550
g920,267,256,244,262,265,254,253,262,257,254
g921,1753,1752,1765,1710,1799,1783,1820,1765,1728,1789
g922,1482,1480,1536,1471,1506,1409,1526,1493,1401,1449
g923,1072,1072,1086,1015,1047,1061,1079,1071,1027,1121
g924,548,559,534,575,552,541,541,561,569,561
g925,1900,1863,1913,1911,1891,1821,1867,1887,1770,1810
g926,438,438,435,436,402,429,400,433,438,434
g927,1195,1194,1194,1209,1215,1260,1177,1201,1230,1204
g928,862,796,803,824,846,834,836,810,846,768
g929,124,124,122,117,124,1202,1164,1217,1164,1200
g930,1045,1017,1041,1096,1071,1049,987,1055,1106,1024
g931,1361,1343,1345,1349,1364,1342,1364,1338,1405,1384
g932,1670,1650,1614,1649,1653,1696,1644,1626,1632,1703
g933,50,61,70,46,62,64,53,57,68,62
g934,872,902,822,819,883,818,837,869,864,861
g935,1018,998,1029,1076,979,1033,1026,1008,1013,1020
g936,7,24,23,26,23,15,19,28,20,17
g937,135,142,133,95,121,107,118,124,127,116
g938,345,373,344,359,340,384,328,320,330,364
g939,1786,1844,1779,1871,1753,1856,1842,1767,1838,1803
g940,810,752,851,742,783,815,767,792,812,787
g941,2035,1988,2022,1948,1951,2005,1985,1998,1923,1960
g942,2020,1973,1927,2011,2038,2009,2012,1993,1999,2100
g943,1739,1791,1773,1835,1755,1736,1782,1732,1751,1680
g944,989,955,984,952,935,983,962,1023,947,921
g945,941,943,1027,996,1019,1038,996,1003,964,958
g946,427,457,482,481,464,433,476,497,456,493
g947,19,21,20,22,20,204,192,194,202,184
g948,850,808,892,843,841,842,831,857,834,872
g949,490,536,509,452,474,453,506,438,455,515
g950,1550,1572,1574,1485,1460,1542,1558,1505,1501,1453
g951,175,195,188,206,221,191,184,193,166,214
g952,150,184,146,159,149,151,154,132,168,153
g953,122,124,124,118,123,1143,1244,1257,1245,1209
g954,1970,1910,1934,1893,1916,1906,1922,1897,1940,1928
g955,1811,1852,1761,1807,1801,1808,1745,1767,1848,1837
g956,395,481,448,447,441,450,443,448,417,426
g957,2025,1869,2007,1968,1833,1920,1915,1893,2008,1997
g958,1771,1812,1788,1827,1809,1781,1850,1831,1866,1781
g959,1902,1836,1931,1888,1918,1895,1873,1915,1855,1864
g960,266,276,295,275,268,323,266,290,312,294
g961,56,50,52,52,53,531,544,552,552,571
g962,116,164,137,129,128,135,136,123,129,155
g963,1207,1147,1186,1293,1176,1214,1174,1210,1248,1202
g964,1567,1459,1439,1452,1602,152,140,150,149,148
g965,1489,1533,1482,1576,1540,1551,1533,1568,1532,1567
g966,1105,1109,1121,1085,1148,1110,1132,1147,1192,1055
g967,1653,1737,1664,1646,1681,1661,1610,1683,1618,1670
g968,692,744,783,685,691,703,741,768,720,688
g969,183,216,208,227,198,196,195,202,170,199
g970,1363,1305,1359,1327,1381,1395,1406,1353,1398,1391
g971,1537,1572,1556,1520,1591,1522,1482,1477,1560,1603
g972,622,614,604,588,608,593,639,573,569,591
g973,37,30,35,42,42,40,39,42,39,51
g974,1967,1983,1930,2028,1928,1975,2016,1902,1998,1962
g975,474,534,519,514,545,517,507,539,550,543
g976,1944,1823,1907,1916,1937,1963,1912,1891,1933,1983
g977,333,363,317,360,292,325,333,342,317,336
g978,1558,1500,1464,1546,1494,1500,1451,1432,1525,1478
g979,34,34,35,30,29,37,38,38,36,39
g980,1721,1815,1751,1758,1781,1749,1681,1703,1781,1684
g981,44,46,43,45,46,426,403,416,385,472
g982,1899,1878,1837,1870,1858,1845,1802,1875,1979,1815
g983,1396,1353,1357,1356,1422,1378,1480,1344,1481,1429
g984,1755,1807,1797,1724,1726,1732,1766,1777,1824,1806
g985,1694,1762,1672,1659,1723,1653,1810,1565,1704,1715
g986,7,6,9,8,9,2,4,9,6,10
g987,124,121,119,127,123,1209,1240,1255,1245,1239
g988,141,149,155,146,129,145,167,157,122,135
g989,1204,1251,1308,1308,1275,1203,1251,1272,1254,1247
g990,145,164,181,176,172,179,170,162,160,176
g991,1990,2055,2075,2018,1996,2032,2047,2006,1907,1969
g992,495,487,490,490,413,475,497,465,465,473
g993,970,961,933,975,1020,999,1026,971,1011,967
g994,732,681,718,718,692,718,717,721,749,714
g995,1802,1911,1862,1833,1891,1825,1840,1850,1867,1793
g996,1,5,3,3,3,2,3,1,5,4
g997,1130,1123,1149,1187,1120,1102,1136,1136,1131,1108
g998,1708,1609,1553,1615,1630,1615,1587,1571,1627,1650
g999,161,170,166,164,164,1569,1571,1610,1649,1677
g1000,1426,1502,1334,1379,1397,1313,1429,1476,1393,1395
